vtkObjectBase,vtkInformationKey
vtkInformationKey,vtkInformationDataObjectKey
vtkInformationKey,vtkInformationDoubleKey
vtkInformationKey,vtkInformationDoubleVectorKey
vtkInformationKey,vtkInformationIdTypeKey
vtkInformationKey,vtkInformationInformationKey
vtkInformationKey,vtkInformationInformationVectorKey
vtkInformationKey,vtkInformationIntegerKey
vtkInformationKey,vtkInformationIntegerPointerKey
vtkInformationKey,vtkInformationIntegerVectorKey
vtkInformationKey,vtkInformationKeyVectorKey
vtkInformationKey,vtkInformationObjectBaseKey
vtkInformationKey,vtkInformationRequestKey
vtkInformationKey,vtkInformationStringKey
vtkInformationKey,vtkInformationStringVectorKey
vtkInformationKey,vtkInformationUnsignedLongKey
vtkInformationKey,vtkInformationExecutivePortKey
vtkInformationKey,vtkInformationExecutivePortVectorKey
vtkObjectBase,vtkObject
vtkObject,vtkAbstractArray
vtkAbstractArray,vtkDataArray
vtkDataArray,vtkBitArray
vtkDataArray,vtkCharArray
vtkCharArray,vtkTypeInt8Array
vtkDataArray,vtkDoubleArray
vtkDoubleArray,vtkTypeFloat64Array
vtkDataArray,vtkFloatArray
vtkFloatArray,vtkTypeFloat32Array
vtkDataArray,vtkIdTypeArray
vtkDataArray,vtkIntArray
vtkIntArray,vtkTypeInt32Array
vtkDataArray,vtkLongArray
vtkDataArray,vtkLongLongArray
vtkLongLongArray,vtkTypeInt64Array
vtkDataArray,vtkShortArray
vtkShortArray,vtkTypeInt16Array
vtkDataArray,vtkSignedCharArray
vtkDataArray,vtkUnsignedCharArray
vtkUnsignedCharArray,vtkTypeUInt8Array
vtkDataArray,vtkUnsignedIntArray
vtkUnsignedIntArray,vtkTypeUInt32Array
vtkDataArray,vtkUnsignedLongArray
vtkDataArray,vtkUnsignedLongLongArray
vtkUnsignedLongLongArray,vtkTypeUInt64Array
vtkDataArray,vtkUnsignedShortArray
vtkUnsignedShortArray,vtkTypeUInt16Array
vtkAbstractArray,vtkStringArray
vtkAbstractArray,vtkVariantArray
vtkObject,vtkAbstractTransform
vtkAbstractTransform,vtkGeneralTransform
vtkAbstractTransform,vtkHomogeneousTransform
vtkHomogeneousTransform,vtkLinearTransform
vtkLinearTransform,vtkIdentityTransform
vtkLinearTransform,vtkMatrixToLinearTransform
vtkLinearTransform,vtkTransform
vtkLinearTransform,vtkIterativeClosestPointTransform
vtkLinearTransform,vtkLandmarkTransform
vtkHomogeneousTransform,vtkMatrixToHomogeneousTransform
vtkHomogeneousTransform,vtkPerspectiveTransform
vtkAbstractTransform,vtkWarpTransform
vtkWarpTransform,vtkCylindricalTransform
vtkWarpTransform,vtkSphericalTransform
vtkWarpTransform,vtkGridTransform
vtkWarpTransform,vtkThinPlateSplineTransform
vtkObject,vtkAmoebaMinimizer
vtkObject,vtkAnimationCue
vtkAnimationCue,vtkAnimationScene
vtkObject,vtkArrayIterator
vtkArrayIterator,vtkBitArrayIterator
vtkObject,vtkAssemblyNode
vtkObject,vtkByteSwap
vtkObject,vtkCollection
vtkCollection,vtkAssemblyPath
vtkCollection,vtkAssemblyPaths
vtkCollection,vtkDataArrayCollection
vtkCollection,vtkIdListCollection
vtkCollection,vtkImplicitFunctionCollection
vtkCollection,vtkObjectFactoryCollection
vtkCollection,vtkOverrideInformationCollection
vtkCollection,vtkPlaneCollection
vtkCollection,vtkPropCollection
vtkPropCollection,vtkActor2DCollection
vtkPropCollection,vtkActorCollection
vtkPropCollection,vtkProp3DCollection
vtkPropCollection,vtkVolumeCollection
vtkCollection,vtkTransformCollection
vtkCollection,vtkDataObjectCollection
vtkCollection,vtkDataSetCollection
vtkCollection,vtkPolyDataCollection
vtkCollection,vtkStructuredPointsCollection
vtkCollection,vtkImageReader2Collection
vtkCollection,vtkSocketCollection
vtkCollection,vtkCullerCollection
vtkCollection,vtkLightCollection
vtkCollection,vtkMapperCollection
vtkCollection,vtkRenderWindowCollection
vtkCollection,vtkRendererCollection
vtkObject,vtkCollectionIterator
vtkCollectionIterator,vtkDataArrayCollectionIterator
vtkObject,vtkContourValues
vtkObject,vtkCriticalSection
vtkObject,vtkDataArraySelection
vtkObject,vtkDebugLeaks
vtkObject,vtkDirectory
vtkObject,vtkDynamicLoader
vtkObject,vtkEdgeTable
vtkObject,vtkExtentSplitter
vtkObject,vtkExtentTranslator
vtkExtentTranslator,vtkOnePieceExtentTranslator
vtkExtentTranslator,vtkTableExtentTranslator
vtkExtentTranslator,vtkBranchExtentTranslator
vtkObject,vtkFastNumericConversion
vtkObject,vtkFunctionParser
vtkObject,vtkFunctionSet
vtkFunctionSet,vtkGenericInterpolatedVelocityField
vtkFunctionSet,vtkInterpolatedVelocityField
vtkFunctionSet,vtkTemporalInterpolatedVelocityField
vtkObject,vtkGarbageCollector
vtkObject,vtkHeap
vtkObject,vtkIdList
vtkObject,vtkImplicitFunction
vtkImplicitFunction,vtkBox
vtkImplicitFunction,vtkPlane
vtkImplicitFunction,vtkPlanes
vtkPlanes,vtkPlanesIntersection
vtkImplicitFunction,vtkQuadric
vtkImplicitFunction,vtkCone
vtkImplicitFunction,vtkCylinder
vtkImplicitFunction,vtkImplicitBoolean
vtkImplicitFunction,vtkImplicitDataSet
vtkImplicitFunction,vtkImplicitSelectionLoop
vtkImplicitFunction,vtkImplicitSum
vtkImplicitFunction,vtkImplicitVolume
vtkImplicitFunction,vtkImplicitWindowFunction
vtkImplicitFunction,vtkPerlinNoise
vtkImplicitFunction,vtkSphere
vtkImplicitFunction,vtkSuperquadric
vtkObject,vtkInformation
vtkObject,vtkInformationIterator
vtkObject,vtkInformationVector
vtkObject,vtkInitialValueProblemSolver
vtkInitialValueProblemSolver,vtkRungeKutta2
vtkInitialValueProblemSolver,vtkRungeKutta4
vtkInitialValueProblemSolver,vtkRungeKutta45
vtkObject,vtkInstantiator
vtkObject,vtkMath
vtkObject,vtkMatrix4x4
vtkObject,vtkMultiThreader
vtkObject,vtkMutexLock
vtkObject,vtkObjectFactory
vtkObjectFactory,vtkParallelFactory
vtkObject,vtkOutputWindow
vtkOutputWindow,vtkFileOutputWindow
vtkFileOutputWindow,vtkXMLFileOutputWindow
vtkObject,vtkOverrideInformation
vtkObject,vtkParametricFunction
vtkParametricFunction,vtkParametricBoy
vtkParametricFunction,vtkParametricConicSpiral
vtkParametricFunction,vtkParametricCrossCap
vtkParametricFunction,vtkParametricDini
vtkParametricFunction,vtkParametricEllipsoid
vtkParametricFunction,vtkParametricEnneper
vtkParametricFunction,vtkParametricFigure8Klein
vtkParametricFunction,vtkParametricKlein
vtkParametricFunction,vtkParametricMobius
vtkParametricFunction,vtkParametricRandomHills
vtkParametricFunction,vtkParametricRoman
vtkParametricFunction,vtkParametricSuperEllipsoid
vtkParametricFunction,vtkParametricSuperToroid
vtkParametricFunction,vtkParametricTorus
vtkParametricFunction,vtkParametricSpline
vtkObject,vtkPoints
vtkPoints,vtkPointsProjectedHull
vtkObject,vtkPolynomialSolvers
vtkObject,vtkPriorityQueue
vtkObject,vtkProp
vtkProp,vtkActor2D
vtkActor2D,vtkBarChartActor
vtkActor2D,vtkCaptionActor2D
vtkActor2D,vtkCornerAnnotation
vtkActor2D,vtkCubeAxesActor2D
vtkActor2D,vtkLegendBoxActor
vtkActor2D,vtkPieChartActor
vtkActor2D,vtkSpiderPlotActor
vtkActor2D,vtkXYPlotActor
vtkActor2D,vtkAxisActor2D
vtkActor2D,vtkLeaderActor2D
vtkActor2D,vtkParallelCoordinatesActor
vtkActor2D,vtkScalarBarActor
vtkActor2D,vtkTextActor
vtkTextActor,vtkScaledTextActor
vtkProp,vtkPropAssembly
vtkProp,vtkLegendScaleActor
vtkProp,vtkProp3D
vtkProp3D,vtkAnnotatedCubeActor
vtkProp3D,vtkAxesActor
vtkProp3D,vtkActor
vtkActor,vtkAxisActor
vtkActor,vtkCubeAxesActor
vtkActor,vtkFollower
vtkActor,vtkLODActor
vtkActor,vtkOpenGLActor
vtkActor,vtkQuadricLODActor
vtkProp3D,vtkAssembly
vtkProp3D,vtkImageActor
vtkImageActor,vtkOpenGLImageActor
vtkProp3D,vtkLODProp3D
vtkProp3D,vtkTextActor3D
vtkProp3D,vtkVolume
vtkProp,vtkWidgetRepresentation
vtkWidgetRepresentation,vtkAffineRepresentation
vtkAffineRepresentation,vtkAffineRepresentation2D
vtkWidgetRepresentation,vtkAngleRepresentation
vtkAngleRepresentation,vtkAngleRepresentation2D
vtkWidgetRepresentation,vtkBalloonRepresentation
vtkWidgetRepresentation,vtkBiDimensionalRepresentation2D
vtkWidgetRepresentation,vtkBorderRepresentation
vtkBorderRepresentation,vtkCameraRepresentation
vtkBorderRepresentation,vtkCaptionRepresentation
vtkBorderRepresentation,vtkLogoRepresentation
vtkBorderRepresentation,vtkPlaybackRepresentation
vtkBorderRepresentation,vtkScalarBarRepresentation
vtkBorderRepresentation,vtkTextRepresentation
vtkWidgetRepresentation,vtkCheckerboardRepresentation
vtkWidgetRepresentation,vtkContourRepresentation
vtkContourRepresentation,vtkFocalPlaneContourRepresentation
vtkFocalPlaneContourRepresentation,vtkOrientedGlyphFocalPlaneContourRepresentation
vtkContourRepresentation,vtkOrientedGlyphContourRepresentation
vtkWidgetRepresentation,vtkDistanceRepresentation
vtkDistanceRepresentation,vtkDistanceRepresentation2D
vtkWidgetRepresentation,vtkHandleRepresentation
vtkHandleRepresentation,vtkConstrainedPointHandleRepresentation
vtkHandleRepresentation,vtkPointHandleRepresentation2D
vtkHandleRepresentation,vtkPointHandleRepresentation3D
vtkHandleRepresentation,vtkPolygonalHandleRepresentation3D
vtkHandleRepresentation,vtkSphereHandleRepresentation
vtkWidgetRepresentation,vtkImplicitPlaneRepresentation
vtkWidgetRepresentation,vtkLineRepresentation
vtkWidgetRepresentation,vtkParallelopipedRepresentation
vtkWidgetRepresentation,vtkRectilinearWipeRepresentation
vtkWidgetRepresentation,vtkSeedRepresentation
vtkWidgetRepresentation,vtkSliderRepresentation
vtkSliderRepresentation,vtkSliderRepresentation2D
vtkSliderRepresentation,vtkSliderRepresentation3D
vtkWidgetRepresentation,vtkTensorProbeRepresentation
vtkTensorProbeRepresentation,vtkEllipsoidTensorProbeRepresentation
vtkObject,vtkProperty2D
vtkObject,vtkReferenceCount
vtkObject,vtkScalarsToColors
vtkScalarsToColors,vtkLookupTable
vtkLookupTable,vtkLogLookupTable
vtkLookupTable,vtkWindowLevelLookupTable
vtkScalarsToColors,vtkColorTransferFunction
vtkObject,vtkSortDataArray
vtkObject,vtkStructuredData
vtkObject,vtkStructuredVisibilityConstraint
vtkObject,vtkTensor
vtkObject,vtkThreadMessager
vtkObject,vtkTimerLog
vtkObject,vtkVersion
vtkObject,vtkVoidArray
vtkObject,vtkWindow
vtkWindow,vtkRenderWindow
vtkRenderWindow,vtkOpenGLRenderWindow
vtkOpenGLRenderWindow,vtkXOpenGLRenderWindow
vtkObject,vtkAdjacentVertexIterator
vtkObject,vtkAlgorithm
vtkAlgorithm,vtkAbstractMapper
vtkAbstractMapper,vtkMapper2D
vtkMapper2D,vtkImageMapper
vtkImageMapper,vtkOpenGLImageMapper
vtkMapper2D,vtkLabeledDataMapper
vtkLabeledDataMapper,vtkLabeledTreeMapDataMapper
vtkLabeledDataMapper,vtkDynamic2DLabelMapper
vtkMapper2D,vtkPolyDataMapper2D
vtkPolyDataMapper2D,vtkOpenGLPolyDataMapper2D
vtkMapper2D,vtkTextMapper
vtkTextMapper,vtkOpenGLFreeTypeTextMapper
vtkAbstractMapper,vtkAbstractMapper3D
vtkAbstractMapper3D,vtkAbstractVolumeMapper
vtkAbstractVolumeMapper,vtkUnstructuredGridVolumeMapper
vtkUnstructuredGridVolumeMapper,vtkHAVSVolumeMapper
vtkHAVSVolumeMapper,vtkOpenGLHAVSVolumeMapper
vtkUnstructuredGridVolumeMapper,vtkProjectedTetrahedraMapper
vtkProjectedTetrahedraMapper,vtkOpenGLProjectedTetrahedraMapper
vtkUnstructuredGridVolumeMapper,vtkUnstructuredGridVolumeRayCastMapper
vtkUnstructuredGridVolumeMapper,vtkUnstructuredGridVolumeZSweepMapper
vtkAbstractVolumeMapper,vtkVolumeMapper
vtkVolumeMapper,vtkFixedPointVolumeRayCastMapper
vtkVolumeMapper,vtkVolumeProMapper
vtkVolumeMapper,vtkVolumeRayCastMapper
vtkVolumeMapper,vtkVolumeTextureMapper
vtkVolumeTextureMapper,vtkVolumeTextureMapper2D
vtkVolumeTextureMapper2D,vtkOpenGLVolumeTextureMapper2D
vtkVolumeMapper,vtkVolumeTextureMapper3D
vtkVolumeTextureMapper3D,vtkOpenGLVolumeTextureMapper3D
vtkAbstractMapper3D,vtkMapper
vtkMapper,vtkGraphMapper
vtkMapper,vtkCompositePolyDataMapper
vtkCompositePolyDataMapper,vtkHierarchicalPolyDataMapper
vtkMapper,vtkDataSetMapper
vtkMapper,vtkPolyDataMapper
vtkPolyDataMapper,vtkOpenGLPolyDataMapper
vtkPolyDataMapper,vtkPainterPolyDataMapper
vtkPainterPolyDataMapper,vtkCompositePolyDataMapper2
vtkAlgorithm,vtkCompositeDataSetAlgorithm
vtkCompositeDataSetAlgorithm,vtkAppendCompositeDataLeaves
vtkCompositeDataSetAlgorithm,vtkExtractPiece
vtkAlgorithm,vtkDataObjectAlgorithm
vtkDataObjectAlgorithm,vtkDataSetToDataObjectFilter
vtkDataObjectAlgorithm,vtkExtractSelectionBase
vtkExtractSelectionBase,vtkExtractSelectedFrustum
vtkExtractSelectionBase,vtkExtractSelectedIds
vtkExtractSelectionBase,vtkExtractSelectedLocations
vtkExtractSelectionBase,vtkExtractSelectedThresholds
vtkExtractSelectionBase,vtkExtractSelection
vtkDataObjectAlgorithm,vtkProgrammableDataObjectSource
vtkDataObjectAlgorithm,vtkStringToCategory
vtkDataObjectAlgorithm,vtkStringToNumeric
vtkDataObjectAlgorithm,vtkStringToTimePoint
vtkDataObjectAlgorithm,vtkTimePointToString
vtkAlgorithm,vtkDataSetAlgorithm
vtkDataSetAlgorithm,vtkCastToConcrete
vtkDataSetAlgorithm,vtkGenericProbeFilter
vtkDataSetAlgorithm,vtkArrayCalculator
vtkDataSetAlgorithm,vtkAttributeDataToFieldDataFilter
vtkDataSetAlgorithm,vtkBrownianPoints
vtkDataSetAlgorithm,vtkCellDataToPointData
vtkCellDataToPointData,vtkPCellDataToPointData
vtkDataSetAlgorithm,vtkCellDerivatives
vtkDataSetAlgorithm,vtkDataObjectToDataSetFilter
vtkDataSetAlgorithm,vtkDicer
vtkDicer,vtkOBBDicer
vtkDataSetAlgorithm,vtkElevationFilter
vtkDataSetAlgorithm,vtkExtractTensorComponents
vtkDataSetAlgorithm,vtkExtractVectorComponents
vtkDataSetAlgorithm,vtkFieldDataToAttributeDataFilter
vtkDataSetAlgorithm,vtkGradientFilter
vtkDataSetAlgorithm,vtkHyperOctreeDepth
vtkDataSetAlgorithm,vtkHyperOctreeLimiter
vtkDataSetAlgorithm,vtkIdFilter
vtkDataSetAlgorithm,vtkImplicitTextureCoords
vtkDataSetAlgorithm,vtkInterpolateDataSetAttributes
vtkDataSetAlgorithm,vtkMaskFields
vtkDataSetAlgorithm,vtkMergeDataObjectFilter
vtkDataSetAlgorithm,vtkMergeFields
vtkDataSetAlgorithm,vtkMergeFilter
vtkDataSetAlgorithm,vtkMeshQuality
vtkDataSetAlgorithm,vtkPointDataToCellData
vtkDataSetAlgorithm,vtkProbeFilter
vtkProbeFilter,vtkCompositeDataProbeFilter
vtkCompositeDataProbeFilter,vtkPProbeFilter
vtkDataSetAlgorithm,vtkProgrammableAttributeDataFilter
vtkDataSetAlgorithm,vtkProgrammableSource
vtkDataSetAlgorithm,vtkProjectedTexture
vtkDataSetAlgorithm,vtkRearrangeFields
vtkDataSetAlgorithm,vtkSelectEnclosedPoints
vtkDataSetAlgorithm,vtkSimpleElevationFilter
vtkDataSetAlgorithm,vtkSplitField
vtkDataSetAlgorithm,vtkTextureMapToCylinder
vtkDataSetAlgorithm,vtkTextureMapToPlane
vtkDataSetAlgorithm,vtkTextureMapToSphere
vtkDataSetAlgorithm,vtkThresholdTextureCoords
vtkDataSetAlgorithm,vtkTransformTextureCoords
vtkDataSetAlgorithm,vtkVectorDot
vtkDataSetAlgorithm,vtkVectorNorm
vtkDataSetAlgorithm,vtkPDataSetReader
vtkDataSetAlgorithm,vtkPassThroughFilter
vtkDataSetAlgorithm,vtkPieceScalars
vtkDataSetAlgorithm,vtkProcessIdScalars
vtkAlgorithm,vtkDirectedGraphAlgorithm
vtkAlgorithm,vtkGenericDataSetAlgorithm
vtkAlgorithm,vtkGraphAlgorithm
vtkGraphAlgorithm,vtkBoostBrandesCentrality
vtkGraphAlgorithm,vtkBoostBreadthFirstSearch
vtkGraphAlgorithm,vtkBoostConnectedComponents
vtkGraphAlgorithm,vtkExtractSelectedGraph
vtkGraphAlgorithm,vtkGraphLayout
vtkGraphAlgorithm,vtkRandomGraphSource
vtkGraphAlgorithm,vtkSQLGraphReader
vtkGraphAlgorithm,vtkTableToGraph
vtkGraphAlgorithm,vtkVertexDegree
vtkGraphAlgorithm,vtkCollectGraph
vtkAlgorithm,vtkHierarchicalBoxDataSetAlgorithm
vtkHierarchicalBoxDataSetAlgorithm,vtkExtractDataSets
vtkExtractDataSets,vtkHierarchicalDataExtractDataSets
vtkHierarchicalBoxDataSetAlgorithm,vtkExtractLevel
vtkExtractLevel,vtkHierarchicalDataExtractLevel
vtkHierarchicalBoxDataSetAlgorithm,vtkLevelIdScalars
vtkLevelIdScalars,vtkHierarchicalDataLevelFilter
vtkAlgorithm,vtkHyperOctreeAlgorithm
vtkHyperOctreeAlgorithm,vtkHyperOctreeFractalSource
vtkHyperOctreeAlgorithm,vtkHyperOctreeSampleFunction
vtkAlgorithm,vtkImageAlgorithm
vtkImageAlgorithm,vtkImageInPlaceFilter
vtkImageInPlaceFilter,vtkImageCursor3D
vtkImageAlgorithm,vtkImageToStructuredPoints
vtkImageAlgorithm,vtkSimpleImageToImageFilter
vtkSimpleImageToImageFilter,vtkSimpleImageFilterExample
vtkImageAlgorithm,vtkThreadedImageAlgorithm
vtkThreadedImageAlgorithm,vtkImageAppend
vtkThreadedImageAlgorithm,vtkImageAppendComponents
vtkThreadedImageAlgorithm,vtkImageBlend
vtkThreadedImageAlgorithm,vtkImageButterworthHighPass
vtkThreadedImageAlgorithm,vtkImageButterworthLowPass
vtkThreadedImageAlgorithm,vtkImageCast
vtkThreadedImageAlgorithm,vtkImageCheckerboard
vtkThreadedImageAlgorithm,vtkImageConvolve
vtkThreadedImageAlgorithm,vtkImageCorrelation
vtkThreadedImageAlgorithm,vtkImageDifference
vtkThreadedImageAlgorithm,vtkImageDivergence
vtkThreadedImageAlgorithm,vtkImageDotProduct
vtkThreadedImageAlgorithm,vtkImageEuclideanToPolar
vtkThreadedImageAlgorithm,vtkImageExtractComponents
vtkThreadedImageAlgorithm,vtkImageGaussianSmooth
vtkThreadedImageAlgorithm,vtkImageGradient
vtkThreadedImageAlgorithm,vtkImageGradientMagnitude
vtkThreadedImageAlgorithm,vtkImageHSIToRGB
vtkThreadedImageAlgorithm,vtkImageHSVToRGB
vtkThreadedImageAlgorithm,vtkImageIdealHighPass
vtkThreadedImageAlgorithm,vtkImageIdealLowPass
vtkThreadedImageAlgorithm,vtkImageIterateFilter
vtkImageIterateFilter,vtkImageDecomposeFilter
vtkImageDecomposeFilter,vtkImageCityBlockDistance
vtkImageDecomposeFilter,vtkImageEuclideanDistance
vtkImageDecomposeFilter,vtkImageFourierCenter
vtkImageDecomposeFilter,vtkImageFourierFilter
vtkImageFourierFilter,vtkImageFFT
vtkImageFourierFilter,vtkImageRFFT
vtkImageDecomposeFilter,vtkImageSeparableConvolution
vtkImageIterateFilter,vtkImageSkeleton2D
vtkThreadedImageAlgorithm,vtkImageLaplacian
vtkThreadedImageAlgorithm,vtkImageLogarithmicScale
vtkThreadedImageAlgorithm,vtkImageLogic
vtkThreadedImageAlgorithm,vtkImageLuminance
vtkThreadedImageAlgorithm,vtkImageMagnify
vtkThreadedImageAlgorithm,vtkImageMagnitude
vtkThreadedImageAlgorithm,vtkImageMapToColors
vtkImageMapToColors,vtkImageMapToRGBA
vtkImageMapToColors,vtkImageMapToWindowLevelColors
vtkThreadedImageAlgorithm,vtkImageMask
vtkThreadedImageAlgorithm,vtkImageMaskBits
vtkThreadedImageAlgorithm,vtkImageMathematics
vtkThreadedImageAlgorithm,vtkImageNonMaximumSuppression
vtkThreadedImageAlgorithm,vtkImageNormalize
vtkThreadedImageAlgorithm,vtkImagePadFilter
vtkImagePadFilter,vtkImageConstantPad
vtkImagePadFilter,vtkImageMirrorPad
vtkImagePadFilter,vtkImageWrapPad
vtkThreadedImageAlgorithm,vtkImageRGBToHSI
vtkThreadedImageAlgorithm,vtkImageRGBToHSV
vtkThreadedImageAlgorithm,vtkImageRectilinearWipe
vtkThreadedImageAlgorithm,vtkImageReslice
vtkImageReslice,vtkImageFlip
vtkImageReslice,vtkImagePermute
vtkImageReslice,vtkImageResample
vtkThreadedImageAlgorithm,vtkImageShiftScale
vtkThreadedImageAlgorithm,vtkImageShrink3D
vtkThreadedImageAlgorithm,vtkImageSpatialAlgorithm
vtkImageSpatialAlgorithm,vtkImageAnisotropicDiffusion2D
vtkImageSpatialAlgorithm,vtkImageAnisotropicDiffusion3D
vtkImageSpatialAlgorithm,vtkImageContinuousDilate3D
vtkImageSpatialAlgorithm,vtkImageContinuousErode3D
vtkImageSpatialAlgorithm,vtkImageDilateErode3D
vtkImageSpatialAlgorithm,vtkImageHybridMedian2D
vtkImageSpatialAlgorithm,vtkImageMedian3D
vtkImageSpatialAlgorithm,vtkImageRange3D
vtkImageSpatialAlgorithm,vtkImageSobel2D
vtkImageSpatialAlgorithm,vtkImageSobel3D
vtkImageSpatialAlgorithm,vtkImageVariance3D
vtkThreadedImageAlgorithm,vtkImageStencil
vtkThreadedImageAlgorithm,vtkImageThreshold
vtkThreadedImageAlgorithm,vtkImageWeightedSum
vtkImageAlgorithm,vtkHyperOctreeToUniformGridFilter
vtkImageAlgorithm,vtkTimeSourceExample
vtkImageAlgorithm,vtkImplicitModeller
vtkImageAlgorithm,vtkVideoSource
vtkImageAlgorithm,vtkDEMReader
vtkImageAlgorithm,vtkImageReader2
vtkImageReader2,vtkDICOMImageReader
vtkImageReader2,vtkImageReader
vtkImageReader,vtkBMPReader
vtkImageReader,vtkPNMReader
vtkImageReader2,vtkJPEGReader
vtkImageReader2,vtkMINCImageReader
vtkImageReader2,vtkMedicalImageReader2
vtkMedicalImageReader2,vtkGESignaReader
vtkImageReader2,vtkMetaImageReader
vtkImageReader2,vtkPNGReader
vtkImageReader2,vtkSLCReader
vtkImageReader2,vtkTIFFReader
vtkImageAlgorithm,vtkImageWriter
vtkImageWriter,vtkBMPWriter
vtkImageWriter,vtkJPEGWriter
vtkImageWriter,vtkMINCImageWriter
vtkImageWriter,vtkMetaImageWriter
vtkImageWriter,vtkPNGWriter
vtkImageWriter,vtkPNMWriter
vtkImageWriter,vtkPostScriptWriter
vtkImageWriter,vtkTIFFWriter
vtkImageWriter,vtkPImageWriter
vtkImageAlgorithm,vtkVolumeReader
vtkVolumeReader,vtkVolume16Reader
vtkImageAlgorithm,vtkBooleanTexture
vtkImageAlgorithm,vtkExtractVOI
vtkImageAlgorithm,vtkFastSplatter
vtkImageAlgorithm,vtkGaussianSplatter
vtkImageAlgorithm,vtkImageAccumulate
vtkImageAlgorithm,vtkImageCacheFilter
vtkImageAlgorithm,vtkImageCanvasSource2D
vtkImageAlgorithm,vtkImageChangeInformation
vtkImageAlgorithm,vtkImageClip
vtkImageAlgorithm,vtkImageDataStreamer
vtkImageDataStreamer,vtkMemoryLimitImageDataStreamer
vtkImageAlgorithm,vtkImageEllipsoidSource
vtkImageAlgorithm,vtkImageExport
vtkImageAlgorithm,vtkImageGaussianSource
vtkImageAlgorithm,vtkImageGridSource
vtkImageAlgorithm,vtkImageImport
vtkImageAlgorithm,vtkImageIslandRemoval2D
vtkImageAlgorithm,vtkImageMandelbrotSource
vtkImageAlgorithm,vtkImageNoiseSource
vtkImageAlgorithm,vtkImageOpenClose3D
vtkImageAlgorithm,vtkImageQuantizeRGBToIndex
vtkImageAlgorithm,vtkImageSeedConnectivity
vtkImageAlgorithm,vtkImageSinusoidSource
vtkImageAlgorithm,vtkImageTranslateExtent
vtkImageAlgorithm,vtkPointLoad
vtkImageAlgorithm,vtkSampleFunction
vtkImageAlgorithm,vtkShepardMethod
vtkImageAlgorithm,vtkSurfaceReconstructionFilter
vtkImageAlgorithm,vtkTriangularTexture
vtkImageAlgorithm,vtkVoxelModeller
vtkImageAlgorithm,vtkRTAnalyticSource
vtkImageAlgorithm,vtkTransmitImageDataPiece
vtkImageAlgorithm,vtkTexture
vtkTexture,vtkOpenGLTexture
vtkAlgorithm,vtkMultiBlockDataSetAlgorithm
vtkMultiBlockDataSetAlgorithm,vtkBlockIdScalars
vtkMultiBlockDataSetAlgorithm,vtkExtractBlock
vtkMultiBlockDataSetAlgorithm,vtkMultiBlockDataGroupFilter
vtkMultiBlockDataSetAlgorithm,vtkMultiBlockMergeFilter
vtkMultiBlockDataSetAlgorithm,vtkMultiThreshold
vtkMultiBlockDataSetAlgorithm,vtkExodusIIReader
vtkExodusIIReader,vtkPExodusIIReader
vtkMultiBlockDataSetAlgorithm,vtkLSDynaReader
vtkMultiBlockDataSetAlgorithm,vtkFLUENTReader
vtkMultiBlockDataSetAlgorithm,vtkGenericEnSightReader
vtkGenericEnSightReader,vtkEnSightMasterServerReader
vtkGenericEnSightReader,vtkEnSightReader
vtkEnSightReader,vtkEnSight6BinaryReader
vtkEnSightReader,vtkEnSight6Reader
vtkEnSightReader,vtkEnSightGoldBinaryReader
vtkEnSightReader,vtkEnSightGoldReader
vtkMultiBlockDataSetAlgorithm,vtkMultiBlockPLOT3DReader
vtkMultiBlockDataSetAlgorithm,vtkOpenFOAMReader
vtkMultiBlockDataSetAlgorithm,vtkExtractCTHPart
vtkAlgorithm,vtkPassInputTypeAlgorithm
vtkPassInputTypeAlgorithm,vtkAssignAttribute
vtkPassInputTypeAlgorithm,vtkProgrammableFilter
vtkPassInputTypeAlgorithm,vtkAssignCoordinates
vtkPassInputTypeAlgorithm,vtkPassThrough
vtkAlgorithm,vtkPiecewiseFunctionAlgorithm
vtkPiecewiseFunctionAlgorithm,vtkPiecewiseFunctionShiftScale
vtkAlgorithm,vtkPointSetAlgorithm
vtkPointSetAlgorithm,vtkExtractDataOverTime
vtkPointSetAlgorithm,vtkTransformCoordinateSystems
vtkPointSetAlgorithm,vtkTransformFilter
vtkPointSetAlgorithm,vtkWarpLens
vtkPointSetAlgorithm,vtkWarpScalar
vtkPointSetAlgorithm,vtkWarpTo
vtkPointSetAlgorithm,vtkWarpVector
vtkPointSetAlgorithm,vtkPCAAnalysisFilter
vtkPointSetAlgorithm,vtkProcrustesAlignmentFilter
vtkPointSetAlgorithm,vtkWeightedTransformFilter
vtkAlgorithm,vtkPolyDataAlgorithm
vtkPolyDataAlgorithm,vtkGenericContourFilter
vtkPolyDataAlgorithm,vtkGenericCutter
vtkPolyDataAlgorithm,vtkGenericGeometryFilter
vtkPolyDataAlgorithm,vtkGenericGlyph3DFilter
vtkPolyDataAlgorithm,vtkGenericOutlineFilter
vtkPolyDataAlgorithm,vtkGenericStreamTracer
vtkPolyDataAlgorithm,vtkAppendPolyData
vtkPolyDataAlgorithm,vtkApproximatingSubdivisionFilter
vtkApproximatingSubdivisionFilter,vtkLoopSubdivisionFilter
vtkPolyDataAlgorithm,vtkArrowSource
vtkPolyDataAlgorithm,vtkAxes
vtkPolyDataAlgorithm,vtkBandedPolyDataContourFilter
vtkPolyDataAlgorithm,vtkButtonSource
vtkButtonSource,vtkEllipticalButtonSource
vtkButtonSource,vtkRectangularButtonSource
vtkPolyDataAlgorithm,vtkCellCenters
vtkPolyDataAlgorithm,vtkCleanPolyData
vtkCleanPolyData,vtkQuantizePolyDataPoints
vtkPolyDataAlgorithm,vtkClipPolyData
vtkPolyDataAlgorithm,vtkCompositeDataGeometryFilter
vtkCompositeDataGeometryFilter,vtkHierarchicalDataSetGeometryFilter
vtkPolyDataAlgorithm,vtkConeSource
vtkPolyDataAlgorithm,vtkContourFilter
vtkPolyDataAlgorithm,vtkContourGrid
vtkPolyDataAlgorithm,vtkCubeSource
vtkPolyDataAlgorithm,vtkCursor2D
vtkPolyDataAlgorithm,vtkCursor3D
vtkPolyDataAlgorithm,vtkCurvatures
vtkPolyDataAlgorithm,vtkCutter
vtkPolyDataAlgorithm,vtkCylinderSource
vtkPolyDataAlgorithm,vtkDataSetSurfaceFilter
vtkPolyDataAlgorithm,vtkDecimatePolylineFilter
vtkPolyDataAlgorithm,vtkDecimatePro
vtkPolyDataAlgorithm,vtkDelaunay2D
vtkPolyDataAlgorithm,vtkDiskSource
vtkPolyDataAlgorithm,vtkEdgePoints
vtkPolyDataAlgorithm,vtkExtractEdges
vtkPolyDataAlgorithm,vtkExtractPolyDataGeometry
vtkPolyDataAlgorithm,vtkExtractSelectedPolyDataIds
vtkPolyDataAlgorithm,vtkFeatureEdges
vtkPolyDataAlgorithm,vtkFillHolesFilter
vtkPolyDataAlgorithm,vtkGeodesicPath
vtkGeodesicPath,vtkGraphGeodesicPath
vtkGraphGeodesicPath,vtkDijkstraGraphGeodesicPath
vtkPolyDataAlgorithm,vtkGeometryFilter
vtkPolyDataAlgorithm,vtkGlyph3D
vtkGlyph3D,vtkGlyph2D
vtkPolyDataAlgorithm,vtkGlyphSource2D
vtkPolyDataAlgorithm,vtkGraphLayoutFilter
vtkPolyDataAlgorithm,vtkGridSynchronizedTemplates3D
vtkPolyDataAlgorithm,vtkHedgeHog
vtkPolyDataAlgorithm,vtkHull
vtkPolyDataAlgorithm,vtkHyperOctreeContourFilter
vtkPolyDataAlgorithm,vtkHyperOctreeCutter
vtkPolyDataAlgorithm,vtkHyperOctreeDualGridContourFilter
vtkPolyDataAlgorithm,vtkHyperOctreeSurfaceFilter
vtkPolyDataAlgorithm,vtkHyperStreamline
vtkPolyDataAlgorithm,vtkIconGlyphFilter
vtkPolyDataAlgorithm,vtkImageDataGeometryFilter
vtkImageDataGeometryFilter,vtkStructuredPointsGeometryFilter
vtkPolyDataAlgorithm,vtkImageMarchingCubes
vtkPolyDataAlgorithm,vtkInterpolatingSubdivisionFilter
vtkInterpolatingSubdivisionFilter,vtkButterflySubdivisionFilter
vtkInterpolatingSubdivisionFilter,vtkLinearSubdivisionFilter
vtkPolyDataAlgorithm,vtkLineSource
vtkPolyDataAlgorithm,vtkLinearExtrusionFilter
vtkLinearExtrusionFilter,vtkPLinearExtrusionFilter
vtkPolyDataAlgorithm,vtkLinkEdgels
vtkPolyDataAlgorithm,vtkMarchingContourFilter
vtkPolyDataAlgorithm,vtkMarchingCubes
vtkMarchingCubes,vtkDiscreteMarchingCubes
vtkPolyDataAlgorithm,vtkMarchingSquares
vtkPolyDataAlgorithm,vtkMaskPoints
vtkPolyDataAlgorithm,vtkMaskPolyData
vtkPolyDataAlgorithm,vtkMassProperties
vtkPolyDataAlgorithm,vtkOutlineCornerFilter
vtkPolyDataAlgorithm,vtkOutlineFilter
vtkPolyDataAlgorithm,vtkOutlineSource
vtkOutlineSource,vtkOutlineCornerSource
vtkPolyDataAlgorithm,vtkParametricFunctionSource
vtkPolyDataAlgorithm,vtkPlaneSource
vtkPolyDataAlgorithm,vtkPlatonicSolidSource
vtkPolyDataAlgorithm,vtkPointSource
vtkPolyDataAlgorithm,vtkPolyDataConnectivityFilter
vtkPolyDataAlgorithm,vtkPolyDataNormals
vtkPolyDataNormals,vtkPPolyDataNormals
vtkPolyDataAlgorithm,vtkPolyDataPointSampler
vtkPolyDataAlgorithm,vtkPolyDataStreamer
vtkPolyDataAlgorithm,vtkProgrammableGlyphFilter
vtkPolyDataAlgorithm,vtkQuadricClustering
vtkPolyDataAlgorithm,vtkQuadricDecimation
vtkPolyDataAlgorithm,vtkRectilinearGridGeometryFilter
vtkPolyDataAlgorithm,vtkRectilinearSynchronizedTemplates
vtkPolyDataAlgorithm,vtkRecursiveDividingCubes
vtkPolyDataAlgorithm,vtkRegularPolygonSource
vtkPolyDataAlgorithm,vtkReverseSense
vtkPolyDataAlgorithm,vtkRibbonFilter
vtkPolyDataAlgorithm,vtkRotationalExtrusionFilter
vtkPolyDataAlgorithm,vtkRuledSurfaceFilter
vtkPolyDataAlgorithm,vtkSelectPolyData
vtkPolyDataAlgorithm,vtkShrinkPolyData
vtkPolyDataAlgorithm,vtkSmoothPolyDataFilter
vtkPolyDataAlgorithm,vtkSpherePuzzle
vtkPolyDataAlgorithm,vtkSpherePuzzleArrows
vtkPolyDataAlgorithm,vtkSphereSource
vtkSphereSource,vtkPSphereSource
vtkPolyDataAlgorithm,vtkSplineFilter
vtkPolyDataAlgorithm,vtkStreamTracer
vtkStreamTracer,vtkPStreamTracer
vtkPStreamTracer,vtkDistributedStreamTracer
vtkStreamTracer,vtkTemporalStreamTracer
vtkPolyDataAlgorithm,vtkStreamer
vtkStreamer,vtkStreamLine
vtkStreamLine,vtkDashedStreamLine
vtkStreamer,vtkStreamPoints
vtkPolyDataAlgorithm,vtkStripper
vtkPolyDataAlgorithm,vtkStructuredGridGeometryFilter
vtkPolyDataAlgorithm,vtkStructuredGridOutlineFilter
vtkPolyDataAlgorithm,vtkSubPixelPositionEdgels
vtkPolyDataAlgorithm,vtkSuperquadricSource
vtkPolyDataAlgorithm,vtkSynchronizedTemplates2D
vtkPolyDataAlgorithm,vtkSynchronizedTemplates3D
vtkSynchronizedTemplates3D,vtkSynchronizedTemplatesCutter3D
vtkPolyDataAlgorithm,vtkTensorGlyph
vtkPolyDataAlgorithm,vtkTextSource
vtkPolyDataAlgorithm,vtkTexturedSphereSource
vtkPolyDataAlgorithm,vtkThresholdPoints
vtkPolyDataAlgorithm,vtkTransformPolyDataFilter
vtkPolyDataAlgorithm,vtkTriangleFilter
vtkPolyDataAlgorithm,vtkTriangularTCoords
vtkPolyDataAlgorithm,vtkTubeFilter
vtkPolyDataAlgorithm,vtkUncertaintyTubeFilter
vtkPolyDataAlgorithm,vtkVertexGlyphFilter
vtkPolyDataAlgorithm,vtkVoxelContoursToSurfaceFilter
vtkPolyDataAlgorithm,vtkWindowedSincPolyDataFilter
vtkPolyDataAlgorithm,vtkArcPlotter
vtkPolyDataAlgorithm,vtkDepthSortPolyData
vtkPolyDataAlgorithm,vtkEarthSource
vtkPolyDataAlgorithm,vtkFacetReader
vtkPolyDataAlgorithm,vtkGreedyTerrainDecimation
vtkPolyDataAlgorithm,vtkImageToPolyDataFilter
vtkPolyDataAlgorithm,vtkProjectedTerrainPath
vtkPolyDataAlgorithm,vtkVectorText
vtkPolyDataAlgorithm,vtkBYUReader
vtkPolyDataAlgorithm,vtkFacetWriter
vtkPolyDataAlgorithm,vtkMCubesReader
vtkPolyDataAlgorithm,vtkMoleculeReaderBase
vtkMoleculeReaderBase,vtkGaussianCubeReader
vtkMoleculeReaderBase,vtkPDBReader
vtkMoleculeReaderBase,vtkXYZMolReader
vtkPolyDataAlgorithm,vtkOBJReader
vtkPolyDataAlgorithm,vtkPLYReader
vtkPolyDataAlgorithm,vtkParticleReader
vtkPolyDataAlgorithm,vtkSTLReader
vtkPolyDataAlgorithm,vtkSimplePointsReader
vtkPolyDataAlgorithm,vtkUGFacetReader
vtkPolyDataAlgorithm,vtkEdgeCenters
vtkPolyDataAlgorithm,vtkGraphHierarchicalBundle
vtkPolyDataAlgorithm,vtkGraphToPolyData
vtkPolyDataAlgorithm,vtkTreeMapToPolyData
vtkPolyDataAlgorithm,vtkCollectPolyData
vtkPolyDataAlgorithm,vtkCutMaterial
vtkPolyDataAlgorithm,vtkDuplicatePolyData
vtkPolyDataAlgorithm,vtkExtractPolyDataPiece
vtkPolyDataAlgorithm,vtkPOutlineCornerFilter
vtkPolyDataAlgorithm,vtkPOutlineFilter
vtkPolyDataAlgorithm,vtkRectilinearGridOutlineFilter
vtkPolyDataAlgorithm,vtkTransmitPolyDataPiece
vtkPolyDataAlgorithm,vtkSelectVisiblePoints
vtkAlgorithm,vtkProcessObject
vtkProcessObject,vtkSource
vtkSource,vtkDataObjectSource
vtkSource,vtkDataSetSource
vtkDataSetSource,vtkDataSetToDataSetFilter
vtkSource,vtkImageSource
vtkImageSource,vtkDataSetToImageFilter
vtkImageSource,vtkImageMultipleInputFilter
vtkImageMultipleInputFilter,vtkImageMultipleInputOutputFilter
vtkImageMultipleInputFilter,vtkImageTwoInputFilter
vtkImageSource,vtkImageToImageFilter
vtkImageToImageFilter,vtkImageSpatialFilter
vtkSource,vtkPointSetSource
vtkPointSetSource,vtkPointSetToPointSetFilter
vtkSource,vtkPolyDataSource
vtkPolyDataSource,vtkDataSetToPolyDataFilter
vtkPolyDataSource,vtkPolyDataToPolyDataFilter
vtkPolyDataSource,vtkRectilinearGridToPolyDataFilter
vtkPolyDataSource,vtkStructuredGridToPolyDataFilter
vtkPolyDataSource,vtkStructuredPointsToPolyDataFilter
vtkPolyDataSource,vtkUnstructuredGridToPolyDataFilter
vtkPolyDataSource,vtkSpatialRepresentationFilter
vtkSource,vtkRectilinearGridSource
vtkRectilinearGridSource,vtkSESAMEReader
vtkSource,vtkStructuredGridSource
vtkStructuredGridSource,vtkDataSetToStructuredGridFilter
vtkStructuredGridSource,vtkStructuredGridToStructuredGridFilter
vtkStructuredGridSource,vtkPLOT3DReader
vtkSource,vtkStructuredPointsSource
vtkStructuredPointsSource,vtkDataSetToStructuredPointsFilter
vtkStructuredPointsSource,vtkStructuredPointsToStructuredPointsFilter
vtkSource,vtkUnstructuredGridSource
vtkUnstructuredGridSource,vtkDataSetToUnstructuredGridFilter
vtkUnstructuredGridSource,vtkStructuredPointsToUnstructuredGridFilter
vtkUnstructuredGridSource,vtkUnstructuredGridToUnstructuredGridFilter
vtkProcessObject,vtkGenericMovieWriter
vtkAlgorithm,vtkRectilinearGridAlgorithm
vtkRectilinearGridAlgorithm,vtkExtractArraysOverTime
vtkExtractArraysOverTime,vtkPExtractArraysOverTime
vtkRectilinearGridAlgorithm,vtkExtractRectilinearGrid
vtkRectilinearGridAlgorithm,vtkExtractTemporalFieldData
vtkRectilinearGridAlgorithm,vtkRectilinearGridClip
vtkRectilinearGridAlgorithm,vtkTransmitRectilinearGridPiece
vtkAlgorithm,vtkSelectionAlgorithm
vtkSelectionAlgorithm,vtkAppendSelection
vtkSelectionAlgorithm,vtkConvertSelection
vtkSelectionAlgorithm,vtkKdTreeSelector
vtkSelectionAlgorithm,vtkSelectionLink
vtkSelectionAlgorithm,vtkSelectionSource
vtkAlgorithm,vtkStructuredGridAlgorithm
vtkStructuredGridAlgorithm,vtkBlankStructuredGrid
vtkStructuredGridAlgorithm,vtkBlankStructuredGridWithImage
vtkStructuredGridAlgorithm,vtkExtractGrid
vtkStructuredGridAlgorithm,vtkStructuredGridClip
vtkStructuredGridAlgorithm,vtkPOPReader
vtkStructuredGridAlgorithm,vtkTransmitStructuredGridPiece
vtkAlgorithm,vtkTableAlgorithm
vtkTableAlgorithm,vtkRowQueryToTable
vtkTableAlgorithm,vtkBoostSplitTableField
vtkTableAlgorithm,vtkDataObjectToTable
vtkTableAlgorithm,vtkDelimitedTextReader
vtkTableAlgorithm,vtkFixedWidthTextReader
vtkTableAlgorithm,vtkISIReader
vtkTableAlgorithm,vtkMergeColumns
vtkTableAlgorithm,vtkMergeTables
vtkTableAlgorithm,vtkRISReader
vtkTableAlgorithm,vtkThresholdTable
vtkTableAlgorithm,vtkCollectTable
vtkAlgorithm,vtkTemporalDataSetAlgorithm
vtkTemporalDataSetAlgorithm,vtkTemporalDataSetCache
vtkTemporalDataSetAlgorithm,vtkTemporalInterpolator
vtkTemporalDataSetAlgorithm,vtkTemporalShiftScale
vtkTemporalDataSetAlgorithm,vtkTemporalSnapToTimeStep
vtkTemporalDataSetAlgorithm,vtkTemporalFractal
vtkAlgorithm,vtkTreeAlgorithm
vtkTreeAlgorithm,vtkBoostBreadthFirstSearchTree
vtkTreeAlgorithm,vtkGroupLeafVertices
vtkTreeAlgorithm,vtkPruneTreeFilter
vtkTreeAlgorithm,vtkTableToTreeFilter
vtkTreeAlgorithm,vtkTreeFieldAggregator
vtkTreeAlgorithm,vtkTreeLevelsFilter
vtkTreeAlgorithm,vtkTreeMapLayout
vtkTreeAlgorithm,vtkXMLTreeReader
vtkAlgorithm,vtkTrivialProducer
vtkAlgorithm,vtkUndirectedGraphAlgorithm
vtkUndirectedGraphAlgorithm,vtkBoostBiconnectedComponents
vtkUndirectedGraphAlgorithm,vtkChacoGraphReader
vtkUndirectedGraphAlgorithm,vtkTulipReader
vtkAlgorithm,vtkUnstructuredGridAlgorithm
vtkUnstructuredGridAlgorithm,vtkGenericClip
vtkUnstructuredGridAlgorithm,vtkGenericDataSetTessellator
vtkUnstructuredGridAlgorithm,vtkAppendFilter
vtkUnstructuredGridAlgorithm,vtkBoxClipDataSet
vtkUnstructuredGridAlgorithm,vtkClipDataSet
vtkUnstructuredGridAlgorithm,vtkClipHyperOctree
vtkUnstructuredGridAlgorithm,vtkClipVolume
vtkUnstructuredGridAlgorithm,vtkConnectivityFilter
vtkUnstructuredGridAlgorithm,vtkDataSetTriangleFilter
vtkUnstructuredGridAlgorithm,vtkDelaunay3D
vtkUnstructuredGridAlgorithm,vtkExtractCells
vtkUnstructuredGridAlgorithm,vtkExtractGeometry
vtkUnstructuredGridAlgorithm,vtkExtractUnstructuredGrid
vtkUnstructuredGridAlgorithm,vtkRectilinearGridToTetrahedra
vtkUnstructuredGridAlgorithm,vtkReflectionFilter
vtkUnstructuredGridAlgorithm,vtkRotationFilter
vtkUnstructuredGridAlgorithm,vtkShrinkFilter
vtkUnstructuredGridAlgorithm,vtkSubdivideTetra
vtkUnstructuredGridAlgorithm,vtkTessellatorFilter
vtkUnstructuredGridAlgorithm,vtkThreshold
vtkUnstructuredGridAlgorithm,vtkUnstructuredGridGeometryFilter
vtkUnstructuredGridAlgorithm,vtkExodusReader
vtkExodusReader,vtkPExodusReader
vtkUnstructuredGridAlgorithm,vtkAVSucdReader
vtkUnstructuredGridAlgorithm,vtkChacoReader
vtkChacoReader,vtkPChacoReader
vtkUnstructuredGridAlgorithm,vtkCosmoReader
vtkUnstructuredGridAlgorithm,vtkGAMBITReader
vtkUnstructuredGridAlgorithm,vtkMFIXReader
vtkUnstructuredGridAlgorithm,vtkDistributedDataFilter
vtkUnstructuredGridAlgorithm,vtkExtractUnstructuredGridPiece
vtkExtractUnstructuredGridPiece,vtkExtractUserDefinedPiece
vtkUnstructuredGridAlgorithm,vtkTransmitUnstructuredGridPiece
vtkAlgorithm,vtkRenderLargeImage
vtkAlgorithm,vtkTransformToGrid
vtkAlgorithm,vtkDataReader
vtkDataReader,vtkDataObjectReader
vtkDataReader,vtkDataSetReader
vtkDataReader,vtkGenericDataObjectReader
vtkDataReader,vtkGraphReader
vtkDataReader,vtkPolyDataReader
vtkDataReader,vtkRectilinearGridReader
vtkDataReader,vtkStructuredGridReader
vtkDataReader,vtkStructuredPointsReader
vtkDataReader,vtkTableReader
vtkDataReader,vtkTreeReader
vtkDataReader,vtkUnstructuredGridReader
vtkAlgorithm,vtkWriter
vtkWriter,vtkAbstractParticleWriter
vtkWriter,vtkDataObjectWriter
vtkWriter,vtkDataWriter
vtkDataWriter,vtkDataSetWriter
vtkDataSetWriter,vtkPDataSetWriter
vtkDataWriter,vtkGenericDataObjectWriter
vtkDataWriter,vtkGraphWriter
vtkDataWriter,vtkPolyDataWriter
vtkPolyDataWriter,vtkBYUWriter
vtkPolyDataWriter,vtkCGMWriter
vtkPolyDataWriter,vtkIVWriter
vtkPolyDataWriter,vtkMCubesWriter
vtkPolyDataWriter,vtkPLYWriter
vtkPolyDataWriter,vtkSTLWriter
vtkDataWriter,vtkRectilinearGridWriter
vtkDataWriter,vtkStructuredGridWriter
vtkDataWriter,vtkStructuredPointsWriter
vtkDataWriter,vtkTableWriter
vtkDataWriter,vtkTreeWriter
vtkDataWriter,vtkUnstructuredGridWriter
vtkWriter,vtkEnSightWriter
vtkWriter,vtkExodusIIWriter
vtkAlgorithm,vtkXMLReader
vtkXMLReader,vtkXMLCompositeDataReader
vtkXMLCompositeDataReader,vtkXMLHierarchicalBoxDataReader
vtkXMLCompositeDataReader,vtkXMLMultiBlockDataReader
vtkXMLMultiBlockDataReader,vtkXMLMultiGroupDataReader
vtkXMLMultiGroupDataReader,vtkXMLHierarchicalDataReader
vtkXMLReader,vtkXMLDataReader
vtkXMLDataReader,vtkXMLHyperOctreeReader
vtkXMLDataReader,vtkXMLStructuredDataReader
vtkXMLStructuredDataReader,vtkXMLImageDataReader
vtkXMLStructuredDataReader,vtkXMLRectilinearGridReader
vtkXMLStructuredDataReader,vtkXMLStructuredGridReader
vtkXMLDataReader,vtkXMLUnstructuredDataReader
vtkXMLUnstructuredDataReader,vtkXMLPolyDataReader
vtkXMLPolyDataReader,vtkRTXMLPolyDataReader
vtkXMLUnstructuredDataReader,vtkXMLUnstructuredGridReader
vtkXMLReader,vtkXMLPDataReader
vtkXMLPDataReader,vtkXMLPStructuredDataReader
vtkXMLPStructuredDataReader,vtkXMLPImageDataReader
vtkXMLPStructuredDataReader,vtkXMLPRectilinearGridReader
vtkXMLPStructuredDataReader,vtkXMLPStructuredGridReader
vtkXMLPDataReader,vtkXMLPUnstructuredDataReader
vtkXMLPUnstructuredDataReader,vtkXMLPPolyDataReader
vtkXMLPUnstructuredDataReader,vtkXMLPUnstructuredGridReader
vtkAlgorithm,vtkXMLWriter
vtkXMLWriter,vtkXMLCompositeDataWriter
vtkXMLCompositeDataWriter,vtkXMLHierarchicalBoxDataWriter
vtkXMLHierarchicalBoxDataWriter,vtkXMLPHierarchicalBoxDataWriter
vtkXMLCompositeDataWriter,vtkXMLMultiBlockDataWriter
vtkXMLMultiBlockDataWriter,vtkXMLPMultiBlockDataWriter
vtkXMLWriter,vtkXMLDataSetWriter
vtkXMLWriter,vtkXMLHyperOctreeWriter
vtkXMLWriter,vtkXMLPDataWriter
vtkXMLPDataWriter,vtkXMLPDataSetWriter
vtkXMLPDataWriter,vtkXMLPStructuredDataWriter
vtkXMLPStructuredDataWriter,vtkXMLPImageDataWriter
vtkXMLPStructuredDataWriter,vtkXMLPRectilinearGridWriter
vtkXMLPStructuredDataWriter,vtkXMLPStructuredGridWriter
vtkXMLPDataWriter,vtkXMLPUnstructuredDataWriter
vtkXMLPUnstructuredDataWriter,vtkXMLPPolyDataWriter
vtkXMLPUnstructuredDataWriter,vtkXMLPUnstructuredGridWriter
vtkXMLWriter,vtkXMLStructuredDataWriter
vtkXMLStructuredDataWriter,vtkXMLImageDataWriter
vtkXMLStructuredDataWriter,vtkXMLRectilinearGridWriter
vtkXMLStructuredDataWriter,vtkXMLStructuredGridWriter
vtkXMLWriter,vtkXMLUnstructuredDataWriter
vtkXMLUnstructuredDataWriter,vtkXMLPolyDataWriter
vtkXMLUnstructuredDataWriter,vtkXMLUnstructuredGridWriter
vtkAlgorithm,vtkImageStencilSource
vtkImageStencilSource,vtkPolyDataToImageStencil
vtkImageStencilSource,vtkImageToImageStencil
vtkImageStencilSource,vtkImplicitFunctionToImageStencil
vtkAlgorithm,vtkPieceRequestFilter
vtkAlgorithm,vtkRendererSource
vtkAlgorithm,vtkWindowToImageFilter
vtkObject,vtkAlgorithmOutput
vtkObject,vtkCell
vtkCell,vtkCell3D
vtkCell3D,vtkConvexPointSet
vtkCell3D,vtkHexagonalPrism
vtkCell3D,vtkHexahedron
vtkCell3D,vtkPentagonalPrism
vtkCell3D,vtkPyramid
vtkCell3D,vtkTetra
vtkCell3D,vtkVoxel
vtkCell3D,vtkWedge
vtkCell,vtkEmptyCell
vtkCell,vtkGenericCell
vtkCell,vtkLine
vtkCell,vtkNonLinearCell
vtkNonLinearCell,vtkBiQuadraticQuad
vtkNonLinearCell,vtkBiQuadraticQuadraticHexahedron
vtkNonLinearCell,vtkBiQuadraticQuadraticWedge
vtkNonLinearCell,vtkExplicitCell
vtkNonLinearCell,vtkQuadraticEdge
vtkNonLinearCell,vtkQuadraticHexahedron
vtkNonLinearCell,vtkQuadraticLinearQuad
vtkNonLinearCell,vtkQuadraticLinearWedge
vtkNonLinearCell,vtkQuadraticPyramid
vtkNonLinearCell,vtkQuadraticQuad
vtkNonLinearCell,vtkQuadraticTetra
vtkNonLinearCell,vtkQuadraticTriangle
vtkNonLinearCell,vtkQuadraticWedge
vtkNonLinearCell,vtkTriQuadraticHexahedron
vtkCell,vtkPixel
vtkCell,vtkPolyLine
vtkCell,vtkPolyVertex
vtkCell,vtkPolygon
vtkCell,vtkQuad
vtkCell,vtkTriangle
vtkCell,vtkTriangleStrip
vtkCell,vtkVertex
vtkObject,vtkCellArray
vtkObject,vtkCellLinks
vtkObject,vtkCellTypes
vtkObject,vtkCompositeDataIterator
vtkCompositeDataIterator,vtkHierarchicalBoxDataIterator
vtkObject,vtkCoordinate
vtkObject,vtkDataObject
vtkDataObject,vtkCompositeDataSet
vtkCompositeDataSet,vtkHierarchicalBoxDataSet
vtkCompositeDataSet,vtkMultiBlockDataSet
vtkCompositeDataSet,vtkMultiPieceDataSet
vtkCompositeDataSet,vtkTemporalDataSet
vtkDataObject,vtkDataSet
vtkDataSet,vtkHyperOctree
vtkDataSet,vtkImageData
vtkImageData,vtkStructuredPoints
vtkImageData,vtkUniformGrid
vtkDataSet,vtkPointSet
vtkPointSet,vtkPolyData
vtkPointSet,vtkStructuredGrid
vtkPointSet,vtkUnstructuredGrid
vtkDataSet,vtkRectilinearGrid
vtkDataObject,vtkGenericDataSet
vtkDataObject,vtkGraph
vtkGraph,vtkDirectedGraph
vtkDirectedGraph,vtkDirectedAcyclicGraph
vtkDirectedAcyclicGraph,vtkTree
vtkDirectedGraph,vtkMutableDirectedGraph
vtkGraph,vtkUndirectedGraph
vtkUndirectedGraph,vtkMutableUndirectedGraph
vtkDataObject,vtkPiecewiseFunction
vtkDataObject,vtkSelection
vtkDataObject,vtkTable
vtkDataObject,vtkImageStencilData
vtkObject,vtkDataObjectTypes
vtkObject,vtkEdgeListIterator
vtkObject,vtkExecutive
vtkExecutive,vtkDemandDrivenPipeline
vtkDemandDrivenPipeline,vtkStreamingDemandDrivenPipeline
vtkStreamingDemandDrivenPipeline,vtkCachedStreamingDemandDrivenPipeline
vtkStreamingDemandDrivenPipeline,vtkCompositeDataPipeline
vtkStreamingDemandDrivenPipeline,vtkImageImportExecutive
vtkObject,vtkFieldData
vtkFieldData,vtkDataSetAttributes
vtkDataSetAttributes,vtkCellData
vtkDataSetAttributes,vtkPointData
vtkObject,vtkGenericAdaptorCell
vtkObject,vtkGenericAttribute
vtkObject,vtkGenericAttributeCollection
vtkObject,vtkGenericCellIterator
vtkObject,vtkGenericCellTessellator
vtkGenericCellTessellator,vtkSimpleCellTessellator
vtkObject,vtkGenericEdgeTable
vtkObject,vtkGenericPointIterator
vtkObject,vtkGenericSubdivisionErrorMetric
vtkGenericSubdivisionErrorMetric,vtkAttributesErrorMetric
vtkGenericSubdivisionErrorMetric,vtkGeometricErrorMetric
vtkGenericSubdivisionErrorMetric,vtkSmoothErrorMetric
vtkGenericSubdivisionErrorMetric,vtkViewDependentErrorMetric
vtkObject,vtkGraphEdge
vtkObject,vtkHyperOctreeCursor
vtkObject,vtkHyperOctreePointsGrabber
vtkHyperOctreePointsGrabber,vtkHyperOctreeClipCutPointsGrabber
vtkObject,vtkInEdgeIterator
vtkObject,vtkLocator
vtkLocator,vtkCellLocator
vtkCellLocator,vtkOBBTree
vtkLocator,vtkPointLocator
vtkPointLocator,vtkMergePoints
vtkLocator,vtkKdTree
vtkKdTree,vtkPKdTree
vtkObject,vtkOrderedTriangulator
vtkObject,vtkOutEdgeIterator
vtkObject,vtkScalarTree
vtkScalarTree,vtkSimpleScalarTree
vtkObject,vtkSpline
vtkSpline,vtkCardinalSpline
vtkSpline,vtkKochanekSpline
vtkObject,vtkTreeDFSIterator
vtkObject,vtkVertexListIterator
vtkObject,vtkViewport
vtkViewport,vtkRenderer
vtkRenderer,vtkOpenGLRenderer
vtkObject,vtkBSPCuts
vtkObject,vtkBSPIntersections
vtkObject,vtkEdgeSubdivisionCriterion
vtkEdgeSubdivisionCriterion,vtkDataSetEdgeSubdivisionCriterion
vtkObject,vtkKdNode
vtkObject,vtkMergeCells
vtkObject,vtkModelMetadata
vtkObject,vtkSliceCubes
vtkObject,vtkStreamingTessellator
vtkObject,vtkDSPFilterDefinition
vtkObject,vtkDSPFilterGroup
vtkObject,vtkExodusIICache
vtkObject,vtkExodusModel
vtkObject,vtkBase64Utilities
vtkObject,vtkDataCompressor
vtkDataCompressor,vtkZLibDataCompressor
vtkObject,vtkGlobFileNames
vtkObject,vtkImageReader2Factory
vtkObject,vtkInputStream
vtkInputStream,vtkBase64InputStream
vtkObject,vtkMINCImageAttributes
vtkObject,vtkMaterialLibrary
vtkObject,vtkMedicalImageProperties
vtkObject,vtkOutputStream
vtkOutputStream,vtkBase64OutputStream
vtkObject,vtkRowQuery
vtkRowQuery,vtkSQLQuery
vtkSQLQuery,vtkSQLiteQuery
vtkObject,vtkSQLDatabase
vtkSQLDatabase,vtkSQLiteDatabase
vtkObject,vtkSQLDatabaseSchema
vtkObject,vtkShaderCodeLibrary
vtkObject,vtkSortFileNames
vtkObject,vtkXMLDataElement
vtkObject,vtkXMLMaterial
vtkObject,vtkXMLMaterialReader
vtkObject,vtkXMLParser
vtkXMLParser,vtkXMLDataParser
vtkXMLParser,vtkXMLFileReadTester
vtkXMLParser,vtkXMLMaterialParser
vtkObject,vtkXMLShader
vtkObject,vtkXMLUtilities
vtkObject,vtkImageConnector
vtkObject,vtkGraphLayoutStrategy
vtkGraphLayoutStrategy,vtkCircularLayoutStrategy
vtkGraphLayoutStrategy,vtkClustering2DLayoutStrategy
vtkGraphLayoutStrategy,vtkCommunity2DLayoutStrategy
vtkGraphLayoutStrategy,vtkConstrained2DLayoutStrategy
vtkGraphLayoutStrategy,vtkFast2DLayoutStrategy
vtkGraphLayoutStrategy,vtkForceDirectedLayoutStrategy
vtkGraphLayoutStrategy,vtkPassThroughLayoutStrategy
vtkGraphLayoutStrategy,vtkRandomLayoutStrategy
vtkGraphLayoutStrategy,vtkSimple2DLayoutStrategy
vtkGraphLayoutStrategy,vtkTreeLayoutStrategy
vtkObject,vtkTimePointUtility
vtkObject,vtkTreeMapLayoutStrategy
vtkTreeMapLayoutStrategy,vtkBoxLayoutStrategy
vtkTreeMapLayoutStrategy,vtkSliceAndDiceLayoutStrategy
vtkTreeMapLayoutStrategy,vtkSquarifyLayoutStrategy
vtkObject,vtkTreeMapViewer
vtkObject,vtkViewTheme
vtkObject,vtkCommunicator
vtkCommunicator,vtkDummyCommunicator
vtkCommunicator,vtkMPICommunicator
vtkCommunicator,vtkSocketCommunicator
vtkCommunicator,vtkSubCommunicator
vtkObject,vtkCompositer
vtkCompositer,vtkCompressCompositer
vtkCompositer,vtkTreeCompositer
vtkObject,vtkMPIGroup
vtkObject,vtkMultiProcessController
vtkMultiProcessController,vtkDummyController
vtkMultiProcessController,vtkMPIController
vtkMultiProcessController,vtkSocketController
vtkObject,vtkParallelRenderManager
vtkParallelRenderManager,vtkCompositeRenderManager
vtkObject,vtkPipelineSize
vtkObject,vtkProcessGroup
vtkObject,vtkSocket
vtkSocket,vtkClientSocket
vtkSocket,vtkServerSocket
vtkObject,vtkSubGroup
vtkObject,vtkAbstractPicker
vtkAbstractPicker,vtkAbstractPropPicker
vtkAbstractPropPicker,vtkAreaPicker
vtkAreaPicker,vtkRenderedAreaPicker
vtkAbstractPropPicker,vtkPicker
vtkPicker,vtkCellPicker
vtkPicker,vtkPointPicker
vtkAbstractPropPicker,vtkPropPicker
vtkAbstractPicker,vtkWorldPointPicker
vtkObject,vtkCamera
vtkCamera,vtkOpenGLCamera
vtkObject,vtkCameraInterpolator
vtkObject,vtkCuller
vtkCuller,vtkFrustumCoverageCuller
vtkObject,vtkExporter
vtkExporter,vtkRIBExporter
vtkExporter,vtkX3DExporter
vtkExporter,vtkIVExporter
vtkExporter,vtkOBJExporter
vtkExporter,vtkOOGLExporter
vtkExporter,vtkVRMLExporter
vtkObject,vtkGenericVertexAttributeMapping
vtkObject,vtkGraphicsFactory
vtkObject,vtkImageViewer
vtkObject,vtkImageViewer2
vtkObject,vtkImagingFactory
vtkObject,vtkImporter
vtkImporter,vtk3DSImporter
vtkImporter,vtkVRMLImporter
vtkObject,vtkInteractorObserver
vtkInteractorObserver,vtkInteractorEventRecorder
vtkInteractorObserver,vtkInteractorStyle
vtkInteractorStyle,vtkInteractorStyleFlight
vtkInteractorStyle,vtkInteractorStyleJoystickActor
vtkInteractorStyle,vtkInteractorStyleJoystickCamera
vtkInteractorStyle,vtkInteractorStyleRubberBand2D
vtkInteractorStyle,vtkInteractorStyleRubberBandZoom
vtkInteractorStyle,vtkInteractorStyleSwitch
vtkInteractorStyleSwitch,vtkInteractorStyleTrackball
vtkInteractorStyle,vtkInteractorStyleTerrain
vtkInteractorStyle,vtkInteractorStyleTrackballActor
vtkInteractorStyle,vtkInteractorStyleTrackballCamera
vtkInteractorStyleTrackballCamera,vtkInteractorStyleImage
vtkInteractorStyleImage,vtkInteractorStyleTreeMapHover
vtkInteractorStyleTrackballCamera,vtkInteractorStyleRubberBand3D
vtkInteractorStyleTrackballCamera,vtkInteractorStyleRubberBandPick
vtkInteractorStyle,vtkInteractorStyleUnicam
vtkInteractorStyle,vtkInteractorStyleUser
vtkInteractorObserver,vtk3DWidget
vtk3DWidget,vtkBoxWidget
vtk3DWidget,vtkImageTracerWidget
vtk3DWidget,vtkLineWidget
vtk3DWidget,vtkPointWidget
vtk3DWidget,vtkPolyDataSourceWidget
vtkPolyDataSourceWidget,vtkImagePlaneWidget
vtkPolyDataSourceWidget,vtkImplicitPlaneWidget
vtkPolyDataSourceWidget,vtkPlaneWidget
vtk3DWidget,vtkSphereWidget
vtk3DWidget,vtkSplineWidget
vtkInteractorObserver,vtkAbstractWidget
vtkAbstractWidget,vtkAffineWidget
vtkAbstractWidget,vtkAngleWidget
vtkAbstractWidget,vtkBiDimensionalWidget
vtkAbstractWidget,vtkBorderWidget
vtkBorderWidget,vtkCameraWidget
vtkBorderWidget,vtkCaptionWidget
vtkBorderWidget,vtkLogoWidget
vtkBorderWidget,vtkPlaybackWidget
vtkBorderWidget,vtkScalarBarWidget
vtkBorderWidget,vtkTextWidget
vtkAbstractWidget,vtkCenteredSliderWidget
vtkAbstractWidget,vtkCheckerboardWidget
vtkAbstractWidget,vtkContourWidget
vtkAbstractWidget,vtkDistanceWidget
vtkAbstractWidget,vtkHandleWidget
vtkAbstractWidget,vtkHoverWidget
vtkHoverWidget,vtkBalloonWidget
vtkAbstractWidget,vtkImplicitPlaneWidget2
vtkAbstractWidget,vtkLineWidget2
vtkAbstractWidget,vtkParallelopipedWidget
vtkAbstractWidget,vtkRectilinearWipeWidget
vtkAbstractWidget,vtkSeedWidget
vtkAbstractWidget,vtkSliderWidget
vtkAbstractWidget,vtkTensorProbeWidget
vtkInteractorObserver,vtkOrientationMarkerWidget
vtkInteractorObserver,vtkXYPlotWidget
vtkObject,vtkLight
vtkLight,vtkRIBLight
vtkLight,vtkOpenGLLight
vtkObject,vtkLightKit
vtkObject,vtkObserverMediator
vtkObject,vtkOpenGLExtensionManager
vtkObject,vtkPainter
vtkPainter,vtkClipPlanesPainter
vtkClipPlanesPainter,vtkOpenGLClipPlanesPainter
vtkPainter,vtkCompositePainter
vtkPainter,vtkDefaultPainter
vtkPainter,vtkDisplayListPainter
vtkDisplayListPainter,vtkOpenGLDisplayListPainter
vtkPainter,vtkPolyDataPainter
vtkPolyDataPainter,vtkChooserPainter
vtkPolyDataPainter,vtkCoincidentTopologyResolutionPainter
vtkCoincidentTopologyResolutionPainter,vtkOpenGLCoincidentTopologyResolutionPainter
vtkPolyDataPainter,vtkIdentColoredPainter
vtkPolyDataPainter,vtkLightingPainter
vtkLightingPainter,vtkOpenGLLightingPainter
vtkPolyDataPainter,vtkPrimitivePainter
vtkPrimitivePainter,vtkLinesPainter
vtkPrimitivePainter,vtkPointsPainter
vtkPrimitivePainter,vtkPolygonsPainter
vtkPrimitivePainter,vtkTStripsPainter
vtkPolyDataPainter,vtkRepresentationPainter
vtkRepresentationPainter,vtkOpenGLRepresentationPainter
vtkPolyDataPainter,vtkStandardPolyDataPainter
vtkPainter,vtkScalarsToColorsPainter
vtkScalarsToColorsPainter,vtkOpenGLScalarsToColorsPainter
vtkObject,vtkPainterDeviceAdapter
vtkPainterDeviceAdapter,vtkOpenGLPainterDeviceAdapter
vtkObject,vtkProperty
vtkProperty,vtkRIBProperty
vtkProperty,vtkOpenGLProperty
vtkObject,vtkQuaternionInterpolator
vtkObject,vtkRenderWindowInteractor
vtkRenderWindowInteractor,vtkGenericRenderWindowInteractor
vtkRenderWindowInteractor,vtkXRenderWindowInteractor
vtkObject,vtkScenePicker
vtkObject,vtkShader
vtkShader,vtkGLSLShader
vtkObject,vtkShaderDeviceAdapter
vtkShaderDeviceAdapter,vtkGLSLShaderDeviceAdapter
vtkObject,vtkShaderProgram
vtkShaderProgram,vtkGLSLShaderProgram
vtkObject,vtkTesting
vtkObject,vtkTextProperty
vtkObject,vtkTransformInterpolator
vtkObject,vtkTupleInterpolator
vtkObject,vtkVisibilitySort
vtkVisibilitySort,vtkCellCenterDepthSort
vtkObject,vtkVisibleCellSelector
vtkObject,vtkVolumeProperty
vtkObject,vtkDataRepresentation
vtkDataRepresentation,vtkSurfaceRepresentation
vtkObject,vtkView
vtkView,vtkRenderView
vtkRenderView,vtkGraphLayoutView
vtkRenderView,vtkTreeLayoutView
vtkRenderView,vtkTreeMapView
vtkObject,vtkDirectionEncoder
vtkDirectionEncoder,vtkRecursiveSphereDirectionEncoder
vtkDirectionEncoder,vtkSphericalDirectionEncoder
vtkObject,vtkEncodedGradientEstimator
vtkEncodedGradientEstimator,vtkFiniteDifferenceGradientEstimator
vtkObject,vtkEncodedGradientShader
vtkObject,vtkFixedPointRayCastImage
vtkObject,vtkFixedPointVolumeRayCastHelper
vtkFixedPointVolumeRayCastHelper,vtkFixedPointVolumeRayCastCompositeGOHelper
vtkFixedPointVolumeRayCastHelper,vtkFixedPointVolumeRayCastCompositeGOShadeHelper
vtkFixedPointVolumeRayCastHelper,vtkFixedPointVolumeRayCastCompositeHelper
vtkFixedPointVolumeRayCastHelper,vtkFixedPointVolumeRayCastCompositeShadeHelper
vtkFixedPointVolumeRayCastHelper,vtkFixedPointVolumeRayCastMIPHelper
vtkObject,vtkRayCastImageDisplayHelper
vtkRayCastImageDisplayHelper,vtkOpenGLRayCastImageDisplayHelper
vtkObject,vtkUnstructuredGridVolumeRayCastFunction
vtkUnstructuredGridVolumeRayCastFunction,vtkUnstructuredGridBunykRayCastFunction
vtkObject,vtkUnstructuredGridVolumeRayCastIterator
vtkObject,vtkUnstructuredGridVolumeRayIntegrator
vtkUnstructuredGridVolumeRayIntegrator,vtkUnstructuredGridHomogeneousRayIntegrator
vtkUnstructuredGridVolumeRayIntegrator,vtkUnstructuredGridLinearRayIntegrator
vtkUnstructuredGridVolumeRayIntegrator,vtkUnstructuredGridPartialPreIntegration
vtkUnstructuredGridVolumeRayIntegrator,vtkUnstructuredGridPreIntegration
vtkObject,vtkVolumeRayCastFunction
vtkVolumeRayCastFunction,vtkVolumeRayCastCompositeFunction
vtkVolumeRayCastFunction,vtkVolumeRayCastIsosurfaceFunction
vtkVolumeRayCastFunction,vtkVolumeRayCastMIPFunction
vtkObject,vtkVolumeRenderingFactory
vtkObject,vtkContourLineInterpolator
vtkContourLineInterpolator,vtkBezierContourLineInterpolator
vtkContourLineInterpolator,vtkPolyDataContourLineInterpolator
vtkPolyDataContourLineInterpolator,vtkPolygonalSurfaceContourLineInterpolator
vtkContourLineInterpolator,vtkTerrainContourLineInterpolator
vtkObject,vtkEvent
vtkObject,vtkImageOrthoPlanes
vtkObject,vtkPointPlacer
vtkPointPlacer,vtkBoundedPlanePointPlacer
vtkPointPlacer,vtkClosedSurfacePointPlacer
vtkPointPlacer,vtkFocalPlanePointPlacer
vtkPointPlacer,vtkImageActorPointPlacer
vtkPointPlacer,vtkPolyDataPointPlacer
vtkPolyDataPointPlacer,vtkPolygonalSurfacePointPlacer
vtkPointPlacer,vtkTerrainDataPointPlacer
vtkObject,vtkWidgetCallbackMapper
vtkObject,vtkWidgetEvent
vtkObject,vtkWidgetEventTranslator
vtkObject,vtkWidgetSet
